"Data Source type name","Customer Sale Type","Product Type","Shopify Campaign","Data Origin Identifier","Data Source description","Data Source definition label","Data Source id","Data Source name","Campaign","Media type","Paid / Organic","Traffic source","Currency","Funnel Workspace id","Funnel Workspace name","Date","Billing City","Billing Country","Billing Province","Billing Zip Code","Customer Created At","Customer ID","Customer Order Index","Customer Tags","First Visit Campaign","First Visit Content","First Visit Medium","First Visit Referrer URL","First Visit Source","First Visit Source from UTM","First Visit Term","Fully Paid","Last Visit Campaign","Last Visit Content","Last Visit Medium","Last Visit Referrer URL","Last Visit Source","Last Visit Source from UTM","Last Visit Term","Line Item ID","Line Item Name","Order Action Type","Order App Name","Order Created At","Order Discount Code","Order ID","Order Location Name","Order Name","Order Tags","Order Updated At","Product ID","Product Tags","Product Title","Product Vendor","Sale Action Type","Sale ID","Sale Line Type","Sales Channel","Shipping City","Shipping Country","Shipping Province","Shipping Zip Code","Shopify Medium","Shopify Traffic Source","SKU","Transaction Timestamp","Variant ID","Variant Title","Orders","Total Sales (GBP)","Row Count","Clicks","Cost (GBP)","CPC (GBP)","CPM (GBP)","CTR","Impressions","Duties (GBP)","Tips (GBP)","Discounts (GBP)","Gross Sales (GBP)","Line Item Original Unit Price (GBP)","Net Sales (GBP)","Returns (GBP)","Sales Quantity","Shipping (GBP)","Taxes (GBP)","Total Amount Including Taxes (GBP)","Total Discount Amount Excluding Taxes (GBP)","Total Discount Amount Including Taxes (GBP)","Total Tax Amount (GBP)"
"Shopify","First-time","Period Pants",,"shopify:gid://shopify/Shop/44753682600","Shopify: Bodyform™ - 881e7e57-a5d9-40e4-a8e3-081b0b0311a3","Sales Transaction","881e7e57-a5d9-40e4-a8e3-081b0b0311a3","Bodyform™","","Unknown","Paid","Other","GBP","-NcNKWSmX0z9Fm9v6Yyk","cg_poc_01","2023-08-21","Barnet","United Kingdom","England","EN5 5HP","2023-08-21 18:12:58","6790407717032","1","",,,,"android-app://com.google.android.googlequicksearchbox/","android-app://com.google.android.googlequicksearchbox/",,,"True",,,,"https://www.bodyform.co.uk/","https://www.bodyform.co.uk/",,,"12586511597736","Cotton Hipster Period Pants (3 Pack) Heavy - Black / M","ORDER","Online Store","2023-08-21 18:13:28",,"5258586390696",,"UK#18176","SYKES - Shipped","2023-08-22 08:07:22","7706449772712","abs:heavy, Cotton, hipster, Multipack, new, rib:3 Pack","Cotton Hipster Period Pants (3 Pack) Heavy","intimawear by Bodyform™","ORDER","16177103863976","PRODUCT","Online Store","Barnet","United Kingdom","England","EN5 5HP",,"https://www.bodyform.co.uk/","7824600","2023-08-21 18:13:27","43071708790952","Black / M",1,43.99,1,,,,,,,0,0,0,36.66,43.99,36.66,0,1,0,7.33,43.99,0,0,7.33
"Shopify","First-time",,,"shopify:gid://shopify/Shop/44753682600","Shopify: Bodyform™ - 881e7e57-a5d9-40e4-a8e3-081b0b0311a3","Sales Transaction","881e7e57-a5d9-40e4-a8e3-081b0b0311a3","Bodyform™","","Unknown","Paid","Other","GBP","-NcNKWSmX0z9Fm9v6Yyk","cg_poc_01","2023-08-21","Barnet","United Kingdom","England","EN5 5HP","2023-08-21 18:12:58","6790407717032","1","",,,,"android-app://com.google.android.googlequicksearchbox/","android-app://com.google.android.googlequicksearchbox/",,,"True",,,,"https://www.bodyform.co.uk/","https://www.bodyform.co.uk/",,,,,"ORDER","Online Store","2023-08-21 18:13:28",,"5258586390696",,"UK#18176","SYKES - Shipped","2023-08-22 08:07:22",,,,,"ORDER","16177103896744","SHIPPING","Online Store","Barnet","United Kingdom","England","EN5 5HP",,"https://www.bodyform.co.uk/",,"2023-08-21 18:13:27",,,0,0,1,,,,,,,0,0,0,0,0,0,0,0,0,0,0,0,0,0
"Shopify","First-time","Period Pants",,"shopify:gid://shopify/Shop/44753682600","Shopify: Bodyform™ - 881e7e57-a5d9-40e4-a8e3-081b0b0311a3","Sales Transaction","881e7e57-a5d9-40e4-a8e3-081b0b0311a3","Bodyform™","","Unknown","Paid","Other","GBP","-NcNKWSmX0z9Fm9v6Yyk","cg_poc_01","2023-08-21","Birmingham","United Kingdom","England","B5 6QQ","2023-07-12 16:44:53","6744559747240","1","",,,,,,,,"True",,,,,,,,"12498743263400","Hipster Full Lace Moderate - Fuchsia / S","REFUND","Online Store","2023-07-12 16:46:58",,"5211526103208",,"UK#16933","SYKES - Shipped","2023-08-21 09:37:44","7356845293736","abs:moderate, hipster, online, periodpant","Hipster Full Lace Moderate","intimawear by Bodyform™","RETURN","16175980478632","PRODUCT","Online Store","Birmingham","United Kingdom","England","B5 6QQ",,,"7787300","2023-08-21 09:37:44","42716066480296","Fuchsia / S",0,-17.49,1,,,,,,,0,0,0,0,17.49,-14.57,14.57,-1,0,-2.92,-17.49,0,0,-2.92
"Shopify","First-time","Period Pants",,"shopify:gid://shopify/Shop/44753682600","Shopify: Bodyform™ - 881e7e57-a5d9-40e4-a8e3-081b0b0311a3","Sales Transaction","881e7e57-a5d9-40e4-a8e3-081b0b0311a3","Bodyform™","","Unknown","Paid","Other","GBP","-NcNKWSmX0z9Fm9v6Yyk","cg_poc_01","2023-08-21","Bradford","United Kingdom","England","BD6 2QT","2023-08-21 18:42:03","6790431670440","1","",,,,,,,,"True",,,,,,,,"12586578968744","Cotton Hipster Period Pants (3 Pack) Moderate - Black / L","ORDER","Online Store","2023-08-21 18:45:21",,"5258621157544",,"UK#18178","SYKES - Shipped","2023-08-22 08:07:30","7706438041768","abs:moderate, Cotton, hipster, Multipack, new, rib:3 Pack","Cotton Hipster Period Pants (3 Pack) Moderate","intimawear by Bodyform™","ORDER","16177204887720","PRODUCT","Online Store","Bradford","United Kingdom","England","BD6 2QT",,,"7824000","2023-08-21 18:45:20","43071682216104","Black / L",1,41.99,1,,,,,,,0,0,0,34.99,41.99,34.99,0,1,0,7,41.99,0,0,7
"Shopify","First-time",,,"shopify:gid://shopify/Shop/44753682600","Shopify: Bodyform™ - 881e7e57-a5d9-40e4-a8e3-081b0b0311a3","Sales Transaction","881e7e57-a5d9-40e4-a8e3-081b0b0311a3","Bodyform™","","Unknown","Paid","Other","GBP","-NcNKWSmX0z9Fm9v6Yyk","cg_poc_01","2023-08-21","Bradford","United Kingdom","England","BD6 2QT","2023-08-21 18:42:03","6790431670440","1","",,,,,,,,"True",,,,,,,,,,"ORDER","Online Store","2023-08-21 18:45:21",,"5258621157544",,"UK#18178","SYKES - Shipped","2023-08-22 08:07:30",,,,,"ORDER","16177204920488","SHIPPING","Online Store","Bradford","United Kingdom","England","BD6 2QT",,,,"2023-08-21 18:45:20",,,0,0,1,,,,,,,0,0,0,0,0,0,0,0,0,0,0,0,0,0
"Shopify","First-time","Period Pants","FACEBOOK ONLINE TOOL GBP (FB IRE)_GB_Bodyform_Social_FC-All_FC-Underwear_Initial-Purchase_Femcare D2C TEENS_08August-8September_2023-08_2023-09_Zenith Hub_GLB0004HJV","shopify:gid://shopify/Shop/44753682600","Shopify: Bodyform™ - 881e7e57-a5d9-40e4-a8e3-081b0b0311a3","Sales Transaction","881e7e57-a5d9-40e4-a8e3-081b0b0311a3","Bodyform™","FACEBOOK ONLINE TOOL GBP (FB IRE)_GB_Bodyform_Social_FC-All_FC-Underwear_Initial-Purchase_Femcare...","Unknown","Paid","Other","GBP","-NcNKWSmX0z9Fm9v6Yyk","cg_poc_01","2023-08-21","Coventry","United Kingdom","England","CV7 9LB","2023-08-21 10:27:20","6790076170408","1","","FACEBOOK ONLINE TOOL GBP (FB IRE)_GB_Bodyform_Social_FC-All_FC-Underwear_Initial-Purchase_Femcare D2C TEENS_08August-8September_2023-08_2023-09_Zenith Hub_GLB0004HJV","Social-Image__|Washables|Buy-now|Intimawear|UK_BODYFORM_TEENS_STATIC_01.jpg_N/A_None_None_Social_Cost-per-Thousand_Cross-Device/-Screen|","Paid-Social","http://m.facebook.com/","Facebook","fb",,"True",,,,,,,,"12585823535272","Teen Brief Logo Waistband Moderate - Black and orange / M","ORDER","Online Store","2023-08-21 10:27:25",,"5258210476200",,"UK#18171","SYKES - Shipped","2023-08-22 07:57:15","7832052793512","abs:moderate, brief, rib:new, Teen","Teen Brief Logo Waistband Moderate","Bodyform™","ORDER","16176055812264","PRODUCT","Online Store","Coventry","United Kingdom","England","CV7 9LB","Paid-Social","fb","7333300","2023-08-21 10:27:23","43700669218984","Black and orange / M",1,16.19,1,,,,,,,0,0,0,13.49,16.19,13.49,0,1,0,2.7,16.19,0,0,2.7
"Shopify","First-time","Period Pants","FACEBOOK ONLINE TOOL GBP (FB IRE)_GB_Bodyform_Social_FC-All_FC-Underwear_Initial-Purchase_Femcare D2C TEENS_08August-8September_2023-08_2023-09_Zenith Hub_GLB0004HJV","shopify:gid://shopify/Shop/44753682600","Shopify: Bodyform™ - 881e7e57-a5d9-40e4-a8e3-081b0b0311a3","Sales Transaction","881e7e57-a5d9-40e4-a8e3-081b0b0311a3","Bodyform™","FACEBOOK ONLINE TOOL GBP (FB IRE)_GB_Bodyform_Social_FC-All_FC-Underwear_Initial-Purchase_Femcare...","Unknown","Paid","Other","GBP","-NcNKWSmX0z9Fm9v6Yyk","cg_poc_01","2023-08-21","Coventry","United Kingdom","England","CV7 9LB","2023-08-21 10:27:20","6790076170408","1","","FACEBOOK ONLINE TOOL GBP (FB IRE)_GB_Bodyform_Social_FC-All_FC-Underwear_Initial-Purchase_Femcare D2C TEENS_08August-8September_2023-08_2023-09_Zenith Hub_GLB0004HJV","Social-Image__|Washables|Buy-now|Intimawear|UK_BODYFORM_TEENS_STATIC_01.jpg_N/A_None_None_Social_Cost-per-Thousand_Cross-Device/-Screen|","Paid-Social","http://m.facebook.com/","Facebook","fb",,"True",,,,,,,,"12585823568040","Teen Brief Logo Waistband Moderate - Black and white / M","ORDER","Online Store","2023-08-21 10:27:25",,"5258210476200",,"UK#18171","SYKES - Shipped","2023-08-22 07:57:15","7832052793512","abs:moderate, brief, rib:new, Teen","Teen Brief Logo Waistband Moderate","Bodyform™","ORDER","16176055845032","PRODUCT","Online Store","Coventry","United Kingdom","England","CV7 9LB","Paid-Social","fb","7335100","2023-08-21 10:27:23","43725792215208","Black and white / M",0,16.19,1,,,,,,,0,0,0,13.49,16.19,13.49,0,1,0,2.7,16.19,0,0,2.7
"Shopify","First-time",,"FACEBOOK ONLINE TOOL GBP (FB IRE)_GB_Bodyform_Social_FC-All_FC-Underwear_Initial-Purchase_Femcare D2C TEENS_08August-8September_2023-08_2023-09_Zenith Hub_GLB0004HJV","shopify:gid://shopify/Shop/44753682600","Shopify: Bodyform™ - 881e7e57-a5d9-40e4-a8e3-081b0b0311a3","Sales Transaction","881e7e57-a5d9-40e4-a8e3-081b0b0311a3","Bodyform™","FACEBOOK ONLINE TOOL GBP (FB IRE)_GB_Bodyform_Social_FC-All_FC-Underwear_Initial-Purchase_Femcare...","Unknown","Paid","Other","GBP","-NcNKWSmX0z9Fm9v6Yyk","cg_poc_01","2023-08-21","Coventry","United Kingdom","England","CV7 9LB","2023-08-21 10:27:20","6790076170408","1","","FACEBOOK ONLINE TOOL GBP (FB IRE)_GB_Bodyform_Social_FC-All_FC-Underwear_Initial-Purchase_Femcare D2C TEENS_08August-8September_2023-08_2023-09_Zenith Hub_GLB0004HJV","Social-Image__|Washables|Buy-now|Intimawear|UK_BODYFORM_TEENS_STATIC_01.jpg_N/A_None_None_Social_Cost-per-Thousand_Cross-Device/-Screen|","Paid-Social","http://m.facebook.com/","Facebook","fb",,"True",,,,,,,,,,"ORDER","Online Store","2023-08-21 10:27:25",,"5258210476200",,"UK#18171","SYKES - Shipped","2023-08-22 07:57:15",,,,,"ORDER","16176055877800","SHIPPING","Online Store","Coventry","United Kingdom","England","CV7 9LB","Paid-Social","fb",,"2023-08-21 10:27:23",,,0,0,1,,,,,,,0,0,0,0,0,0,0,0,0,0,0,0,0,0
"Shopify","First-time","Period Pants",,"shopify:gid://shopify/Shop/44753682600","Shopify: Bodyform™ - 881e7e57-a5d9-40e4-a8e3-081b0b0311a3","Sales Transaction","881e7e57-a5d9-40e4-a8e3-081b0b0311a3","Bodyform™","","Unknown","Paid","Other","GBP","-NcNKWSmX0z9Fm9v6Yyk","cg_poc_01","2023-08-21","Irvine","United Kingdom","Scotland","KA11 5BX","2023-07-29 22:22:10","6761195667624","1","",,,,,,,,"True",,,,,,,,"12535682957480","Bikini Basic Moderate - Black / M","REFUND","Online Store","2023-07-29 22:23:47",,"5230925349032",,"UK#17745","SYKES - Shipped","2023-08-21 09:29:59","5592255168680","abs:moderate, bikini, online, periodpant","Bikini Basic Moderate","intimawear by Bodyform™","RETURN","16175973400744","PRODUCT","Online Store","Irvine","United Kingdom","Scotland","KA11 5BX",,,"7267200","2023-08-21 09:29:59","35643095187624","Black / M",0,-14.99,1,,,,,,,0,0,0,0,14.99,-12.49,12.49,-1,0,-2.5,-14.99,0,0,-2.5
"Shopify","First-time","Period Pants","GB_Bodyform_Social_FC-All_FC-Underwear_Initial-Purchase_Femcare D2C Summer Sale_15June-31July_2023-06_2023-07_Zenith Hub_GLB00047XW","shopify:gid://shopify/Shop/44753682600","Shopify: Bodyform™ - 881e7e57-a5d9-40e4-a8e3-081b0b0311a3","Sales Transaction","881e7e57-a5d9-40e4-a8e3-081b0b0311a3","Bodyform™","GB_Bodyform_Social_FC-All_FC-Underwear_Initial-Purchase_Femcare D2C Summer Sale_15June-31July_202...","Unknown","Paid","Other","GBP","-NcNKWSmX0z9Fm9v6Yyk","cg_poc_01","2023-08-21","Llanelli","United Kingdom","Wales","SA14 6AW","2023-07-01 09:19:21","6731195318440","1","","GB_Bodyform_Social_FC-All_FC-Underwear_Initial-Purchase_Femcare D2C Summer Sale_15June-31July_2023-06_2023-07_Zenith Hub_GLB00047XW","Social-Image__|Washables|Buy-now|Intimawear|UK_BODYFORM_SUMMER_SALE_RETARGETING_STATIC_02.jpg_N/A_None_None_Social_Cost-per-Thousand_Cross-Device/-Screen|","paid-social",,"an unknown source","fb",,"True",,,,,,,,"12473633374376","Bikini Basic Heavy - Burgundy / 2XS","REFUND","Online Store","2023-07-01 09:20:43",,"5197954580648",,"UK#16582","PayPal, SYKES - Shipped","2023-08-21 09:34:59","7635515310248","abs:heavy, bikini, new, online, periodpant","Bikini Basic Heavy","intimawear by Bodyform™","RETURN","16175977365672","PRODUCT","Online Store","Llanelli","United Kingdom","Wales","SA14 6AW","paid-social","fb","7816600","2023-08-21 09:34:59","42931253641384","Burgundy / 2XS",0,-14.99,1,,,,,,,0,0,0,0,14.99,-12.49,12.49,-1,0,-2.5,-14.99,0,0,-2.5
"Shopify","Returning","Period Pants","TeensCampaign","shopify:gid://shopify/Shop/44753682600","Shopify: Bodyform™ - 881e7e57-a5d9-40e4-a8e3-081b0b0311a3","Sales Transaction","881e7e57-a5d9-40e4-a8e3-081b0b0311a3","Bodyform™","TeensCampaign","Unknown","Paid","Other","GBP","-NcNKWSmX0z9Fm9v6Yyk","cg_poc_01","2023-08-21","London","United Kingdom","England","NW6 4LE","2022-12-29 10:40:27","6480683794600","2","2 Purchases, newsletter, prospect","TeensCampaign",,"Brandwebsite","https://www.bodyform.co.uk/","https://www.bodyform.co.uk/","Bodyform","Teensbannerbrand","True",,,,"https://shop.bodyform.co.uk/collections/heavy-absorbency","direct",,,"12585849520296","Teen Hipster Print (3 Pack) Heavy - Multi / S","ORDER","Online Store","2023-08-21 11:03:09",,"5258227548328",,"UK#18172","SYKES - Shipped","2023-08-22 07:57:19","7832584093864","abs:heavy, hipster, rib:new, Teen","Teen Hipster Print (3 Pack) Heavy","Bodyform™","ORDER","16176096018600","PRODUCT","Online Store","London","United Kingdom","England","EC4R 9AT","Direct","direct","7339000","2023-08-21 11:03:03","43705357172904","Multi / S",1,49.99,1,,,,,,,0,0,0,41.66,49.99,41.66,0,1,0,8.33,49.99,0,0,8.33
"Shopify","Returning",,"TeensCampaign","shopify:gid://shopify/Shop/44753682600","Shopify: Bodyform™ - 881e7e57-a5d9-40e4-a8e3-081b0b0311a3","Sales Transaction","881e7e57-a5d9-40e4-a8e3-081b0b0311a3","Bodyform™","TeensCampaign","Unknown","Paid","Other","GBP","-NcNKWSmX0z9Fm9v6Yyk","cg_poc_01","2023-08-21","London","United Kingdom","England","NW6 4LE","2022-12-29 10:40:27","6480683794600","2","2 Purchases, newsletter, prospect","TeensCampaign",,"Brandwebsite","https://www.bodyform.co.uk/","https://www.bodyform.co.uk/","Bodyform","Teensbannerbrand","True",,,,"https://shop.bodyform.co.uk/collections/heavy-absorbency","direct",,,,,"ORDER","Online Store","2023-08-21 11:03:09",,"5258227548328",,"UK#18172","SYKES - Shipped","2023-08-22 07:57:19",,,,,"ORDER","16176096051368","SHIPPING","Online Store","London","United Kingdom","England","EC4R 9AT","Direct","direct",,"2023-08-21 11:03:03",,,0,0,1,,,,,,,0,0,0,0,0,0,0,0,0,0,0,0,0,0
"Shopify","First-time","Period Pants","GB_Bodyform_Social_FC-All_FC-Underwear_Initial-Purchase_Femcare D2C Summer Sale_15June-31July_2023-06_2023-07_Zenith Hub_GLB00047XW","shopify:gid://shopify/Shop/44753682600","Shopify: Bodyform™ - 881e7e57-a5d9-40e4-a8e3-081b0b0311a3","Sales Transaction","881e7e57-a5d9-40e4-a8e3-081b0b0311a3","Bodyform™","GB_Bodyform_Social_FC-All_FC-Underwear_Initial-Purchase_Femcare D2C Summer Sale_15June-31July_202...","Unknown","Paid","Other","GBP","-NcNKWSmX0z9Fm9v6Yyk","cg_poc_01","2023-08-21","London ","United Kingdom","England","NW9 8HP","2023-07-16 21:01:56","6748562882728","1","","GB_Bodyform_Social_FC-All_FC-Underwear_Initial-Purchase_Femcare D2C Summer Sale_15June-31July_2023-06_2023-07_Zenith Hub_GLB00047XW","Social-Image__|Washables|Buy-now|Intimawear|UK_BODYFORM_SUMMER_SALE_STATIC_01.jpg_N/A_None_None_Social_Cost-per-Thousand_Cross-Device/-Screen|","paid-social","http://instagram.com/","Instagram","ig",,"True",,,,,,,,"12507719205032","Teen Hipster Waistband Heavy - Black / 2XS","REFUND","Online Store","2023-07-16 21:03:23",,"5216336314536",,"UK#17132","SYKES - Shipped","2023-08-21 09:31:41","7832041357480","abs:heavy, hipster, rib:new, Teen","Teen Hipster Waistband Heavy","Bodyform™","RETURN","16175974973608","PRODUCT","Online Store","London ","United Kingdom","England","NW9 8HP","paid-social","ig","7329000","2023-08-21 09:31:41","43700291535016","Black / 2XS",0,-19.99,1,,,,,,,0,0,0,0,19.99,-16.66,16.66,-1,0,-3.33,-19.99,0,0,-3.33
"Shopify","First-time","Period Pants","FACEBOOK ONLINE TOOL GBP (FB IRE)_GB_Bodyform_Social_FC-All_FC-Underwear_Initial-Purchase_Femcare D2C TEENS_08August-8September_2023-08_2023-09_Zenith Hub_GLB0004HJV","shopify:gid://shopify/Shop/44753682600","Shopify: Bodyform™ - 881e7e57-a5d9-40e4-a8e3-081b0b0311a3","Sales Transaction","881e7e57-a5d9-40e4-a8e3-081b0b0311a3","Bodyform™","FACEBOOK ONLINE TOOL GBP (FB IRE)_GB_Bodyform_Social_FC-All_FC-Underwear_Initial-Purchase_Femcare...","Unknown","Paid","Other","GBP","-NcNKWSmX0z9Fm9v6Yyk","cg_poc_01","2023-08-21","Newcastle upon Tyne","United Kingdom","England","NE12 9BA","2023-08-21 18:16:30","6790410535080","1","","FACEBOOK ONLINE TOOL GBP (FB IRE)_GB_Bodyform_Social_FC-All_FC-Underwear_Initial-Purchase_Femcare D2C TEENS_08August-8September_2023-08_2023-09_Zenith Hub_GLB0004HJV","Social-Image__|Washables|Buy-now|Intimawear|UK_BODYFORM_TEENS_CAROUSEL_01.jpg_N/A_None_None_Social_Cost-per-Thousand_Cross-Device/-Screen|","Paid-Social","http://m.facebook.com/","Facebook","fb",,"True",,,,,,,,"12586523394216","Teen Hipster Waistband Moderate - Pink / 2XS","ORDER","Online Store","2023-08-21 18:18:12",,"5258591436968",,"UK#18177","SYKES - Shipped","2023-08-22 08:07:26","7832041095336","abs:moderate, hipster, rib:new, Teen","Teen Hipster Waistband Moderate","Bodyform™","ORDER","16177120805032","PRODUCT","Online Store","Newcastle upon Tyne","United Kingdom","England","NE12 9BA","Paid-Social","fb","7333800","2023-08-21 18:18:11","43725747126440","Pink / 2XS",1,32.38,1,,,,,,,0,0,0,26.98,16.19,26.98,0,2,0,5.4,32.38,0,0,5.4
"Shopify","First-time",,"FACEBOOK ONLINE TOOL GBP (FB IRE)_GB_Bodyform_Social_FC-All_FC-Underwear_Initial-Purchase_Femcare D2C TEENS_08August-8September_2023-08_2023-09_Zenith Hub_GLB0004HJV","shopify:gid://shopify/Shop/44753682600","Shopify: Bodyform™ - 881e7e57-a5d9-40e4-a8e3-081b0b0311a3","Sales Transaction","881e7e57-a5d9-40e4-a8e3-081b0b0311a3","Bodyform™","FACEBOOK ONLINE TOOL GBP (FB IRE)_GB_Bodyform_Social_FC-All_FC-Underwear_Initial-Purchase_Femcare...","Unknown","Paid","Other","GBP","-NcNKWSmX0z9Fm9v6Yyk","cg_poc_01","2023-08-21","Newcastle upon Tyne","United Kingdom","England","NE12 9BA","2023-08-21 18:16:30","6790410535080","1","","FACEBOOK ONLINE TOOL GBP (FB IRE)_GB_Bodyform_Social_FC-All_FC-Underwear_Initial-Purchase_Femcare D2C TEENS_08August-8September_2023-08_2023-09_Zenith Hub_GLB0004HJV","Social-Image__|Washables|Buy-now|Intimawear|UK_BODYFORM_TEENS_CAROUSEL_01.jpg_N/A_None_None_Social_Cost-per-Thousand_Cross-Device/-Screen|","Paid-Social","http://m.facebook.com/","Facebook","fb",,"True",,,,,,,,,,"ORDER","Online Store","2023-08-21 18:18:12",,"5258591436968",,"UK#18177","SYKES - Shipped","2023-08-22 08:07:26",,,,,"ORDER","16177120837800","SHIPPING","Online Store","Newcastle upon Tyne","United Kingdom","England","NE12 9BA","Paid-Social","fb",,"2023-08-21 18:18:11",,,0,0,1,,,,,,,0,0,0,0,0,0,0,0,0,0,0,0,0,0
"Shopify","First-time",,,"shopify:gid://shopify/Shop/44753682600","Shopify: Bodyform™ - 881e7e57-a5d9-40e4-a8e3-081b0b0311a3","Sales Transaction","881e7e57-a5d9-40e4-a8e3-081b0b0311a3","Bodyform™","","Unknown","Paid","Other","GBP","-NcNKWSmX0z9Fm9v6Yyk","cg_poc_01","2023-08-21","Northampton","United Kingdom","England","NN4 8JR","2023-07-03 11:49:02","6733260587176","1","",,,,"https://www.google.co.uk/","Google",,,"True",,,,,,,,,,"REFUND","Online Store","2023-07-03 11:49:57",,"5200387342504",,"UK#16671","Express Shipping, SYKES - Shipped","2023-08-21 09:30:44",,,,,"RETURN","16175973859496","ADJUSTMENT","Online Store","Northampton","United Kingdom","England","NN4 8JR",,"Google",,"2023-08-21 09:30:32",,,0,16.19,1,,,,,,,0,0,0,0,0,16.19,-16.19,0,0,0,16.19,0,0,0
"Shopify","First-time","Period Pants",,"shopify:gid://shopify/Shop/44753682600","Shopify: Bodyform™ - 881e7e57-a5d9-40e4-a8e3-081b0b0311a3","Sales Transaction","881e7e57-a5d9-40e4-a8e3-081b0b0311a3","Bodyform™","","Unknown","Paid","Other","GBP","-NcNKWSmX0z9Fm9v6Yyk","cg_poc_01","2023-08-21","Northampton","United Kingdom","England","NN4 8JR","2023-07-03 11:49:02","6733260587176","1","",,,,"https://www.google.co.uk/","Google",,,"True",,,,,,,,"12478282694824","Hipster Side Lace Heavy - Black / M","REFUND","Online Store","2023-07-03 11:49:57",,"5200387342504",,"UK#16671","Express Shipping, SYKES - Shipped","2023-08-21 09:30:44","7375890874536","abs:heavy, hipster, periodpant","Hipster Side Lace Heavy","intimawear by Bodyform™","RETURN","16175973892264","PRODUCT","Online Store","Northampton","United Kingdom","England","NN4 8JR",,"Google","7969200","2023-08-21 09:30:32","42111816892584","Black / M",0,-16.19,1,,,,,,,0,0,0,0,16.19,-13.49,13.49,-1,0,-2.7,-16.19,0,0,-2.7
"Shopify","First-time",,,"shopify:gid://shopify/Shop/44753682600","Shopify: Bodyform™ - 881e7e57-a5d9-40e4-a8e3-081b0b0311a3","Sales Transaction","881e7e57-a5d9-40e4-a8e3-081b0b0311a3","Bodyform™","","Unknown","Paid","Other","GBP","-NcNKWSmX0z9Fm9v6Yyk","cg_poc_01","2023-08-21","Northampton","United Kingdom","England","NN4 8JR","2023-07-03 11:49:02","6733260587176","1","",,,,"https://www.google.co.uk/","Google",,,"True",,,,,,,,,,"REFUND","Online Store","2023-07-03 11:49:57",,"5200387342504",,"UK#16671","Express Shipping, SYKES - Shipped","2023-08-21 09:30:44",,,,,"RETURN","16175973990568","ADJUSTMENT","Online Store","Northampton","United Kingdom","England","NN4 8JR",,"Google",,"2023-08-21 09:30:32",,,0,-16.19,1,,,,,,,0,0,0,0,0,-16.19,16.19,0,0,0,-16.19,0,0,0
"Shopify","First-time",,"GB_Bodyform_Social_FC-All_FC-Underwear_Initial-Purchase_Femcare D2C Summer Sale_15June-31July_2023-06_2023-07_Zenith Hub_GLB00047XW","shopify:gid://shopify/Shop/44753682600","Shopify: Bodyform™ - 881e7e57-a5d9-40e4-a8e3-081b0b0311a3","Sales Transaction","881e7e57-a5d9-40e4-a8e3-081b0b0311a3","Bodyform™","GB_Bodyform_Social_FC-All_FC-Underwear_Initial-Purchase_Femcare D2C Summer Sale_15June-31July_202...","Unknown","Paid","Other","GBP","-NcNKWSmX0z9Fm9v6Yyk","cg_poc_01","2023-08-21","Sheffield","United Kingdom","England","S13 9BA","2023-07-23 03:14:49","6754423668904","1","","GB_Bodyform_Social_FC-All_FC-Underwear_Initial-Purchase_Femcare D2C Summer Sale_15June-31July_2023-06_2023-07_Zenith Hub_GLB00047XW","Social-Image__|Washables|Buy-now|Intimawear|UK_BODYFORM_SUMMER_SALE_STATIC_02.jpg_N/A_None_None_Social_Cost-per-Thousand_Cross-Device/-Screen|","paid-social","http://m.facebook.com/","Facebook","fb",,"True",,,,,,,,,,"REFUND","Online Store","2023-07-23 03:16:53",,"5223359119528",,"UK#17365","SYKES - Shipped","2023-08-21 09:29:31",,,,,"RETURN","16175972843688","ADJUSTMENT","Online Store","Sheffield","United Kingdom","England","S13 9BA","paid-social","fb",,"2023-08-21 09:29:18",,,0,23.99,1,,,,,,,0,0,0,0,0,23.99,-23.99,0,0,0,23.99,0,0,0
"Shopify","First-time","Period Pants","GB_Bodyform_Social_FC-All_FC-Underwear_Initial-Purchase_Femcare D2C Summer Sale_15June-31July_2023-06_2023-07_Zenith Hub_GLB00047XW","shopify:gid://shopify/Shop/44753682600","Shopify: Bodyform™ - 881e7e57-a5d9-40e4-a8e3-081b0b0311a3","Sales Transaction","881e7e57-a5d9-40e4-a8e3-081b0b0311a3","Bodyform™","GB_Bodyform_Social_FC-All_FC-Underwear_Initial-Purchase_Femcare D2C Summer Sale_15June-31July_202...","Unknown","Paid","Other","GBP","-NcNKWSmX0z9Fm9v6Yyk","cg_poc_01","2023-08-21","Sheffield","United Kingdom","England","S13 9BA","2023-07-23 03:14:49","6754423668904","1","","GB_Bodyform_Social_FC-All_FC-Underwear_Initial-Purchase_Femcare D2C Summer Sale_15June-31July_2023-06_2023-07_Zenith Hub_GLB00047XW","Social-Image__|Washables|Buy-now|Intimawear|UK_BODYFORM_SUMMER_SALE_STATIC_02.jpg_N/A_None_None_Social_Cost-per-Thousand_Cross-Device/-Screen|","paid-social","http://m.facebook.com/","Facebook","fb",,"True",,,,,,,,"12521484222632","High Waist Floral Heavy - Black / 2XS","REFUND","Online Store","2023-07-23 03:16:53",,"5223359119528",,"UK#17365","SYKES - Shipped","2023-08-21 09:29:31","7558937706664","abs:heavy, highwaist, periodpant","High Waist Floral Heavy","intimawear by Bodyform™","RETURN","16175972876456","PRODUCT","Online Store","Sheffield","United Kingdom","England","S13 9BA","paid-social","fb","7795700","2023-08-21 09:29:18","42693820645544","Black / 2XS",0,-23.99,1,,,,,,,0,0,0,0,23.99,-19.99,19.99,-1,0,-4,-23.99,0,0,-4
"Shopify","First-time",,"GB_Bodyform_Social_FC-All_FC-Underwear_Initial-Purchase_Femcare D2C Summer Sale_15June-31July_2023-06_2023-07_Zenith Hub_GLB00047XW","shopify:gid://shopify/Shop/44753682600","Shopify: Bodyform™ - 881e7e57-a5d9-40e4-a8e3-081b0b0311a3","Sales Transaction","881e7e57-a5d9-40e4-a8e3-081b0b0311a3","Bodyform™","GB_Bodyform_Social_FC-All_FC-Underwear_Initial-Purchase_Femcare D2C Summer Sale_15June-31July_202...","Unknown","Paid","Other","GBP","-NcNKWSmX0z9Fm9v6Yyk","cg_poc_01","2023-08-21","Sheffield","United Kingdom","England","S13 9BA","2023-07-23 03:14:49","6754423668904","1","","GB_Bodyform_Social_FC-All_FC-Underwear_Initial-Purchase_Femcare D2C Summer Sale_15June-31July_2023-06_2023-07_Zenith Hub_GLB00047XW","Social-Image__|Washables|Buy-now|Intimawear|UK_BODYFORM_SUMMER_SALE_STATIC_02.jpg_N/A_None_None_Social_Cost-per-Thousand_Cross-Device/-Screen|","paid-social","http://m.facebook.com/","Facebook","fb",,"True",,,,,,,,,,"REFUND","Online Store","2023-07-23 03:16:53",,"5223359119528",,"UK#17365","SYKES - Shipped","2023-08-21 09:29:31",,,,,"RETURN","16175972974760","ADJUSTMENT","Online Store","Sheffield","United Kingdom","England","S13 9BA","paid-social","fb",,"2023-08-21 09:29:18",,,0,-23.99,1,,,,,,,0,0,0,0,0,-23.99,23.99,0,0,0,-23.99,0,0,0
"Shopify","First-time","Period Pants",,"shopify:gid://shopify/Shop/44753682600","Shopify: Bodyform™ - 881e7e57-a5d9-40e4-a8e3-081b0b0311a3","Sales Transaction","881e7e57-a5d9-40e4-a8e3-081b0b0311a3","Bodyform™","","Unknown","Paid","Other","GBP","-NcNKWSmX0z9Fm9v6Yyk","cg_poc_01","2023-08-21","Stoke-on-Trent","United Kingdom","England","ST2 0AY","2023-08-21 19:44:04","6790485803176","1","",,,,"https://www.google.co.uk/","Google",,,"True",,,,,,,,"12586702766248","Cotton Hipster Period Pants (3 Pack) Heavy - Black / M","ORDER","Online Store","2023-08-21 19:44:07",,"5258684924072",,"UK#18179","Express Shipping, SYKES - Shipped","2023-08-22 08:07:34","7706449772712","abs:heavy, Cotton, hipster, Multipack, new, rib:3 Pack","Cotton Hipster Period Pants (3 Pack) Heavy","intimawear by Bodyform™","ORDER","16177386913960","PRODUCT","Online Store","Stoke-on-Trent","United Kingdom","England","ST2 0AY",,"Google","7824600","2023-08-21 19:44:03","43071708790952","Black / M",1,43.99,1,,,,,,,0,0,0,36.66,43.99,36.66,0,1,0,7.33,43.99,0,0,7.33
"Shopify","First-time",,,"shopify:gid://shopify/Shop/44753682600","Shopify: Bodyform™ - 881e7e57-a5d9-40e4-a8e3-081b0b0311a3","Sales Transaction","881e7e57-a5d9-40e4-a8e3-081b0b0311a3","Bodyform™","","Unknown","Paid","Other","GBP","-NcNKWSmX0z9Fm9v6Yyk","cg_poc_01","2023-08-21","Stoke-on-Trent","United Kingdom","England","ST2 0AY","2023-08-21 19:44:04","6790485803176","1","",,,,"https://www.google.co.uk/","Google",,,"True",,,,,,,,,,"ORDER","Online Store","2023-08-21 19:44:07",,"5258684924072",,"UK#18179","Express Shipping, SYKES - Shipped","2023-08-22 08:07:34",,,,,"ORDER","16177386946728","SHIPPING","Online Store","Stoke-on-Trent","United Kingdom","England","ST2 0AY",,"Google",,"2023-08-21 19:44:03",,,0,5.9,1,,,,,,,0,0,0,0,0,0,0,0,4.92,0.98,5.9,0,0,0.98
"Shopify","First-time","Period Pants","sag_organic","shopify:gid://shopify/Shop/44753682600","Shopify: Bodyform™ - 881e7e57-a5d9-40e4-a8e3-081b0b0311a3","Sales Transaction","881e7e57-a5d9-40e4-a8e3-081b0b0311a3","Bodyform™","sag_organic","Unknown","Paid","Other","GBP","-NcNKWSmX0z9Fm9v6Yyk","cg_poc_01","2023-08-21","Tamworth","United Kingdom","England","B78 3RG","2023-08-21 00:06:36","6789715099816","1","","sag_organic","sag_organic","product_sync","https://www.google.com/","Google","google",,"True",,,,"https://www.google.com/","Google",,,"12584985788584","Bikini Basic Heavy - Black / M","ORDER","Online Store","2023-08-21 00:07:13",,"5257740714152",,"UK#18167","SYKES - Shipped","2023-08-21 08:47:30","7635515310248","abs:heavy, bikini, new, online, periodpant","Bikini Basic Heavy","intimawear by Bodyform™","ORDER","16174758297768","PRODUCT","Online Store","Tamworth","United Kingdom","England","B78 3RG","product_sync","Google","7811800","2023-08-21 00:07:12","42931239813288","Black / M",1,24.99,1,,,,,,,0,0,0,20.82,24.99,20.82,0,1,0,4.17,24.99,0,0,4.17
"Shopify","First-time",,"sag_organic","shopify:gid://shopify/Shop/44753682600","Shopify: Bodyform™ - 881e7e57-a5d9-40e4-a8e3-081b0b0311a3","Sales Transaction","881e7e57-a5d9-40e4-a8e3-081b0b0311a3","Bodyform™","sag_organic","Unknown","Paid","Other","GBP","-NcNKWSmX0z9Fm9v6Yyk","cg_poc_01","2023-08-21","Tamworth","United Kingdom","England","B78 3RG","2023-08-21 00:06:36","6789715099816","1","","sag_organic","sag_organic","product_sync","https://www.google.com/","Google","google",,"True",,,,"https://www.google.com/","Google",,,,,"ORDER","Online Store","2023-08-21 00:07:13",,"5257740714152",,"UK#18167","SYKES - Shipped","2023-08-21 08:47:30",,,,,"ORDER","16174758330536","SHIPPING","Online Store","Tamworth","United Kingdom","England","B78 3RG","product_sync","Google",,"2023-08-21 00:07:12",,,0,0,1,,,,,,,0,0,0,0,0,0,0,0,0,0,0,0,0,0
"Shopify","First-time","Period Pants",,"shopify:gid://shopify/Shop/44753682600","Shopify: Bodyform™ - 881e7e57-a5d9-40e4-a8e3-081b0b0311a3","Sales Transaction","881e7e57-a5d9-40e4-a8e3-081b0b0311a3","Bodyform™","","Unknown","Paid","Other","GBP","-NcNKWSmX0z9Fm9v6Yyk","cg_poc_01","2023-08-21","Walsall","United Kingdom","England","WS9 0DF","2023-08-21 21:36:07","6790592725160","1","",,,,"https://shop.bodyform.co.uk/cart","direct",,,"True",,,,"https://shop.bodyform.co.uk/blogs/how-it-works/buying-period-pants-for-teenagers","direct",,,"12586944790696","Teen Hipster Starter Kit (3 Pack) - Black / S","ORDER","Online Store","2023-08-21 21:37:50",,"5258817274024",,"UK#18180","PayPal, SYKES - Shipped","2023-08-22 08:07:38","7832583471272","abs:heavy, abs:moderate, hipster, rib:new, Teen","Teen Hipster Starter Kit (3 Pack)","Bodyform™","ORDER","16177747787944","PRODUCT","Online Store","Walsall","United Kingdom","England","WS9 0DF","Direct","direct","7337400","2023-08-21 21:37:48","43705352388776","Black / S",1,44.99,1,,,,,,,0,0,0,37.49,44.99,37.49,0,1,0,7.5,44.99,0,0,7.5
"Shopify","First-time",,,"shopify:gid://shopify/Shop/44753682600","Shopify: Bodyform™ - 881e7e57-a5d9-40e4-a8e3-081b0b0311a3","Sales Transaction","881e7e57-a5d9-40e4-a8e3-081b0b0311a3","Bodyform™","","Unknown","Paid","Other","GBP","-NcNKWSmX0z9Fm9v6Yyk","cg_poc_01","2023-08-21","Walsall","United Kingdom","England","WS9 0DF","2023-08-21 21:36:07","6790592725160","1","",,,,"https://shop.bodyform.co.uk/cart","direct",,,"True",,,,"https://shop.bodyform.co.uk/blogs/how-it-works/buying-period-pants-for-teenagers","direct",,,,,"ORDER","Online Store","2023-08-21 21:37:50",,"5258817274024",,"UK#18180","PayPal, SYKES - Shipped","2023-08-22 08:07:38",,,,,"ORDER","16177747820712","SHIPPING","Online Store","Walsall","United Kingdom","England","WS9 0DF","Direct","direct",,"2023-08-21 21:37:48",,,0,0,1,,,,,,,0,0,0,0,0,0,0,0,0,0,0,0,0,0
"Shopify","First-time","Period Pants",,"shopify:gid://shopify/Shop/44753682600","Shopify: Bodyform™ - 881e7e57-a5d9-40e4-a8e3-081b0b0311a3","Sales Transaction","881e7e57-a5d9-40e4-a8e3-081b0b0311a3","Bodyform™","","Unknown","Paid","Other","GBP","-NcNKWSmX0z9Fm9v6Yyk","cg_poc_01","2023-08-21","Wellfield","United Kingdom","England","NE25 9JD","2023-06-14 20:29:53","6714499268776","1","",,,,,,,,"True",,,,,,,,"12435201097896","Cotton Bikini Period Pants (3 Pack) Light - Black / L","REFUND","Online Store","2023-06-14 20:30:48",,"5177752617128",,"UK#16133","PayPal, SYKES - Shipped","2023-08-21 09:37:20","7706397311144","abs:light, bikini, Cotton, Multipack, new, rib:3 Pack","Cotton Bikini Period Pants (3 Pack) Light","intimawear by Bodyform™","RETURN","16175980216488","PRODUCT","Online Store","Wellfield","United Kingdom","England","NE25 9JD",,,"7823300","2023-08-21 09:37:20","43071624020136","Black / L",0,-39.99,1,,,,,,,0,0,0,0,39.99,-33.32,33.32,-1,0,-6.67,-39.99,0,0,-6.67
"Shopify","First-time","Period Pants",,"shopify:gid://shopify/Shop/44753682600","Shopify: Bodyform™ - 881e7e57-a5d9-40e4-a8e3-081b0b0311a3","Sales Transaction","881e7e57-a5d9-40e4-a8e3-081b0b0311a3","Bodyform™","","Unknown","Paid","Other","GBP","-NcNKWSmX0z9Fm9v6Yyk","cg_poc_01","2023-08-21","Weybridge","United Kingdom","England","KT13 8SE","2023-08-21 21:42:52","6790598262952","1","",,,,"https://shop.bodyform.co.uk/collections/period-pants-for-teens","direct",,,"True",,,,,,,,"12586954129576","Brazilian Heavy - Black / 2XS","ORDER","Online Store","2023-08-21 21:42:56",,"5258822353064",,"UK#18182","Express Shipping, SYKES - Shipped","2023-08-22 08:07:46","7635537035432","abs:heavy, brazilian, new, periodpant","Brazilian Heavy","intimawear by Bodyform™","ORDER","16177761812648","PRODUCT","Online Store","Weybridge","United Kingdom","England","KT13 8SE","Direct","direct","7813100","2023-08-21 21:42:52","42931293094056","Black / 2XS",1,49.98,1,,,,,,,0,0,0,41.65,24.99,41.65,0,2,0,8.33,49.98,0,0,8.33
"Shopify","First-time","Period Pants",,"shopify:gid://shopify/Shop/44753682600","Shopify: Bodyform™ - 881e7e57-a5d9-40e4-a8e3-081b0b0311a3","Sales Transaction","881e7e57-a5d9-40e4-a8e3-081b0b0311a3","Bodyform™","","Unknown","Paid","Other","GBP","-NcNKWSmX0z9Fm9v6Yyk","cg_poc_01","2023-08-21","Weybridge","United Kingdom","England","KT13 8SE","2023-08-21 21:42:52","6790598262952","1","",,,,"https://shop.bodyform.co.uk/collections/period-pants-for-teens","direct",,,"True",,,,,,,,"12586954162344","Bikini Basic Heavy - Black / 2XS","ORDER","Online Store","2023-08-21 21:42:56",,"5258822353064",,"UK#18182","Express Shipping, SYKES - Shipped","2023-08-22 08:07:46","7635515310248","abs:heavy, bikini, new, online, periodpant","Bikini Basic Heavy","intimawear by Bodyform™","ORDER","16177761845416","PRODUCT","Online Store","Weybridge","United Kingdom","England","KT13 8SE","Direct","direct","7804600","2023-08-21 21:42:52","42931239714984","Black / 2XS",0,24.99,1,,,,,,,0,0,0,20.82,24.99,20.82,0,1,0,4.17,24.99,0,0,4.17
"Shopify","First-time","Period Pants",,"shopify:gid://shopify/Shop/44753682600","Shopify: Bodyform™ - 881e7e57-a5d9-40e4-a8e3-081b0b0311a3","Sales Transaction","881e7e57-a5d9-40e4-a8e3-081b0b0311a3","Bodyform™","","Unknown","Paid","Other","GBP","-NcNKWSmX0z9Fm9v6Yyk","cg_poc_01","2023-08-21","Weybridge","United Kingdom","England","KT13 8SE","2023-08-21 21:42:52","6790598262952","1","",,,,"https://shop.bodyform.co.uk/collections/period-pants-for-teens","direct",,,"True",,,,,,,,"12586954195112","Brazilian Moderate - Black / 2XS","ORDER","Online Store","2023-08-21 21:42:56",,"5258822353064",,"UK#18182","Express Shipping, SYKES - Shipped","2023-08-22 08:07:46","7635563643048","abs:moderate, brazilian, new, periodpant","Brazilian Moderate","intimawear by Bodyform™","ORDER","16177761878184","PRODUCT","Online Store","Weybridge","United Kingdom","England","KT13 8SE","Direct","direct","7804500","2023-08-21 21:42:52","42931329171624","Black / 2XS",0,91.96,1,,,,,,,0,0,0,76.63,22.99,76.63,0,4,0,15.33,91.96,0,0,15.33
"Shopify","First-time","Period Pants",,"shopify:gid://shopify/Shop/44753682600","Shopify: Bodyform™ - 881e7e57-a5d9-40e4-a8e3-081b0b0311a3","Sales Transaction","881e7e57-a5d9-40e4-a8e3-081b0b0311a3","Bodyform™","","Unknown","Paid","Other","GBP","-NcNKWSmX0z9Fm9v6Yyk","cg_poc_01","2023-08-21","Weybridge","United Kingdom","England","KT13 8SE","2023-08-21 21:42:52","6790598262952","1","",,,,"https://shop.bodyform.co.uk/collections/period-pants-for-teens","direct",,,"True",,,,,,,,"12586954227880","Bikini Basic Moderate - Black / 2XS","ORDER","Online Store","2023-08-21 21:42:56",,"5258822353064",,"UK#18182","Express Shipping, SYKES - Shipped","2023-08-22 08:07:46","5592255168680","abs:moderate, bikini, online, periodpant","Bikini Basic Moderate","intimawear by Bodyform™","ORDER","16177761910952","PRODUCT","Online Store","Weybridge","United Kingdom","England","KT13 8SE","Direct","direct","7791300","2023-08-21 21:42:52","42224826089640","Black / 2XS",0,24.99,1,,,,,,,0,0,0,20.82,24.99,20.82,0,1,0,4.17,24.99,0,0,4.17
"Shopify","First-time",,,"shopify:gid://shopify/Shop/44753682600","Shopify: Bodyform™ - 881e7e57-a5d9-40e4-a8e3-081b0b0311a3","Sales Transaction","881e7e57-a5d9-40e4-a8e3-081b0b0311a3","Bodyform™","","Unknown","Paid","Other","GBP","-NcNKWSmX0z9Fm9v6Yyk","cg_poc_01","2023-08-21","Weybridge","United Kingdom","England","KT13 8SE","2023-08-21 21:42:52","6790598262952","1","",,,,"https://shop.bodyform.co.uk/collections/period-pants-for-teens","direct",,,"True",,,,,,,,,,"ORDER","Online Store","2023-08-21 21:42:56",,"5258822353064",,"UK#18182","Express Shipping, SYKES - Shipped","2023-08-22 08:07:46",,,,,"ORDER","16177761943720","SHIPPING","Online Store","Weybridge","United Kingdom","England","KT13 8SE","Direct","direct",,"2023-08-21 21:42:52",,,0,0,1,,,,,,,0,0,0,0,0,0,0,0,0,0,0,0,0,0
"Shopify","First-time","Period Pants",,"shopify:gid://shopify/Shop/44753682600","Shopify: Bodyform™ - 881e7e57-a5d9-40e4-a8e3-081b0b0311a3","Sales Transaction","881e7e57-a5d9-40e4-a8e3-081b0b0311a3","Bodyform™","","Unknown","Paid","Other","GBP","-NcNKWSmX0z9Fm9v6Yyk","cg_poc_01","2023-08-21","Whitley Bay","United Kingdom","England","NE26 1AE","2023-07-11 18:35:48","6743377019048","1","",,,,"https://l.facebook.com/","Facebook",,,"True",,,,,,,,"12496778821800","Bikini Basic Moderate - Deep Ocean / M","REFUND","Online Store","2023-07-11 18:37:58",,"5210432962728",,"UK#16903","PayPal, SYKES - Shipped","2023-08-21 09:12:29","5592255168680","abs:moderate, bikini, online, periodpant","Bikini Basic Moderate","intimawear by Bodyform™","RETURN","16175946662056","PRODUCT","Online Store","Whitley Bay","United Kingdom","England","NE26 1AE",,"Facebook","7788400","2023-08-21 09:12:29","42716057796776","Deep Ocean / M",0,-17.49,1,,,,,,,0,0,0,0,17.49,-14.57,14.57,-1,0,-2.92,-17.49,0,0,-2.92
"Shopify","First-time","Period Pants","sag_organic","shopify:gid://shopify/Shop/44753682600","Shopify: Bodyform™ - 881e7e57-a5d9-40e4-a8e3-081b0b0311a3","Sales Transaction","881e7e57-a5d9-40e4-a8e3-081b0b0311a3","Bodyform™","sag_organic","Unknown","Paid","Other","GBP","-NcNKWSmX0z9Fm9v6Yyk","cg_poc_01","2023-08-21","Sutton","United Kingdom","England","SM2 6TB","2023-08-21 06:37:13","6789981864104","1","","sag_organic","sag_organic","product_sync",,"an unknown source","google",,"True",,,,,,,,"12585598484648","Teen Hipster Waistband (3 Pack) Heavy - Black / M","ORDER","Online Store","2023-08-21 06:39:37",,"5258071703720",,"UK#18168","PayPal, SYKES - Shipped","2023-08-21 08:47:34","7832583110824","abs:heavy, hipster, rib:new, Teen","Teen Hipster Waistband (3 Pack) Heavy","Bodyform™","ORDER","16175698116776","PRODUCT","Online Store","Worcester Park","United Kingdom","England","KT4 7PD","product_sync","google","7336700","2023-08-21 06:39:35","43705350291624","Black / M",1,49.99,1,,,,,,,0,0,0,41.66,49.99,41.66,0,1,0,8.33,49.99,0,0,8.33
"Shopify","First-time",,"sag_organic","shopify:gid://shopify/Shop/44753682600","Shopify: Bodyform™ - 881e7e57-a5d9-40e4-a8e3-081b0b0311a3","Sales Transaction","881e7e57-a5d9-40e4-a8e3-081b0b0311a3","Bodyform™","sag_organic","Unknown","Paid","Other","GBP","-NcNKWSmX0z9Fm9v6Yyk","cg_poc_01","2023-08-21","Sutton","United Kingdom","England","SM2 6TB","2023-08-21 06:37:13","6789981864104","1","","sag_organic","sag_organic","product_sync",,"an unknown source","google",,"True",,,,,,,,,,"ORDER","Online Store","2023-08-21 06:39:37",,"5258071703720",,"UK#18168","PayPal, SYKES - Shipped","2023-08-21 08:47:34",,,,,"ORDER","16175698149544","SHIPPING","Online Store","Worcester Park","United Kingdom","England","KT4 7PD","product_sync","google",,"2023-08-21 06:39:35",,,0,0,1,,,,,,,0,0,0,0,0,0,0,0,0,0,0,0,0,0
"Shopify","First-time","Period Pants","FACEBOOK ONLINE TOOL GBP (FB IRE)_GB_Bodyform_Social_FC-All_FC-Underwear_Initial-Purchase_Femcare D2C TEENS_08August-8September_2023-08_2023-09_Zenith Hub_GLB0004HJV","shopify:gid://shopify/Shop/44753682600","Shopify: Bodyform™ - 881e7e57-a5d9-40e4-a8e3-081b0b0311a3","Sales Transaction","881e7e57-a5d9-40e4-a8e3-081b0b0311a3","Bodyform™","FACEBOOK ONLINE TOOL GBP (FB IRE)_GB_Bodyform_Social_FC-All_FC-Underwear_Initial-Purchase_Femcare...","Unknown","Paid","Other","GBP","-NcNKWSmX0z9Fm9v6Yyk","cg_poc_01","2023-08-21","Catterick","United Kingdom","England","DL10 7PT","2023-08-21 06:56:28","6789991727272","1","","FACEBOOK ONLINE TOOL GBP (FB IRE)_GB_Bodyform_Social_FC-All_FC-Underwear_Initial-Purchase_Femcare D2C TEENS_08August-8September_2023-08_2023-09_Zenith Hub_GLB0004HJV","Social-Image__|Washables|Buy-now|Intimawear|UK_BODYFORM_TEENS_CAROUSEL_01.jpg_N/A_None_None_Social_Cost-per-Thousand_Cross-Device/-Screen|","Paid-Social",,"an unknown source","fb",,"True",,,,,,,,"12585618112680","Teen Brief Logo Waistband Heavy - Black and orange / 2XS","ORDER","Online Store","2023-08-21 06:56:32","TEENS20","5258084024488",,"UK#18169","SYKES - Shipped","2023-08-22 07:57:07","7832582062248","abs:heavy, brief, rib:new, Teen","Teen Brief Logo Waistband Heavy","Bodyform™","ORDER","16175736946856","PRODUCT","Online Store","Catterick","United Kingdom","England","DL10 7PT","Paid-Social","fb","7329800","2023-08-21 06:56:28","43705346588840","Black and orange / 2XS",1,28.78,1,,,,,,,0,0,5.99,29.97,17.99,23.98,0,2,0,4.8,28.78,5.99,7.2,4.8
"Shopify","First-time","Period Pants","FACEBOOK ONLINE TOOL GBP (FB IRE)_GB_Bodyform_Social_FC-All_FC-Underwear_Initial-Purchase_Femcare D2C TEENS_08August-8September_2023-08_2023-09_Zenith Hub_GLB0004HJV","shopify:gid://shopify/Shop/44753682600","Shopify: Bodyform™ - 881e7e57-a5d9-40e4-a8e3-081b0b0311a3","Sales Transaction","881e7e57-a5d9-40e4-a8e3-081b0b0311a3","Bodyform™","FACEBOOK ONLINE TOOL GBP (FB IRE)_GB_Bodyform_Social_FC-All_FC-Underwear_Initial-Purchase_Femcare...","Unknown","Paid","Other","GBP","-NcNKWSmX0z9Fm9v6Yyk","cg_poc_01","2023-08-21","Catterick","United Kingdom","England","DL10 7PT","2023-08-21 06:56:28","6789991727272","1","","FACEBOOK ONLINE TOOL GBP (FB IRE)_GB_Bodyform_Social_FC-All_FC-Underwear_Initial-Purchase_Femcare D2C TEENS_08August-8September_2023-08_2023-09_Zenith Hub_GLB0004HJV","Social-Image__|Washables|Buy-now|Intimawear|UK_BODYFORM_TEENS_CAROUSEL_01.jpg_N/A_None_None_Social_Cost-per-Thousand_Cross-Device/-Screen|","Paid-Social",,"an unknown source","fb",,"True",,,,,,,,"12585618145448","Teen Brief Logo Waistband Moderate - Black and orange / 2XS","ORDER","Online Store","2023-08-21 06:56:32","TEENS20","5258084024488",,"UK#18169","SYKES - Shipped","2023-08-22 07:57:07","7832052793512","abs:moderate, brief, rib:new, Teen","Teen Brief Logo Waistband Moderate","Bodyform™","ORDER","16175736979624","PRODUCT","Online Store","Catterick","United Kingdom","England","DL10 7PT","Paid-Social","fb","7333000","2023-08-21 06:56:28","43700669120680","Black and orange / 2XS",0,12.96,1,,,,,,,0,0,2.69,13.49,16.19,10.8,0,1,0,2.16,12.96,2.69,3.23,2.16
"Shopify","First-time",,"FACEBOOK ONLINE TOOL GBP (FB IRE)_GB_Bodyform_Social_FC-All_FC-Underwear_Initial-Purchase_Femcare D2C TEENS_08August-8September_2023-08_2023-09_Zenith Hub_GLB0004HJV","shopify:gid://shopify/Shop/44753682600","Shopify: Bodyform™ - 881e7e57-a5d9-40e4-a8e3-081b0b0311a3","Sales Transaction","881e7e57-a5d9-40e4-a8e3-081b0b0311a3","Bodyform™","FACEBOOK ONLINE TOOL GBP (FB IRE)_GB_Bodyform_Social_FC-All_FC-Underwear_Initial-Purchase_Femcare...","Unknown","Paid","Other","GBP","-NcNKWSmX0z9Fm9v6Yyk","cg_poc_01","2023-08-21","Catterick","United Kingdom","England","DL10 7PT","2023-08-21 06:56:28","6789991727272","1","","FACEBOOK ONLINE TOOL GBP (FB IRE)_GB_Bodyform_Social_FC-All_FC-Underwear_Initial-Purchase_Femcare D2C TEENS_08August-8September_2023-08_2023-09_Zenith Hub_GLB0004HJV","Social-Image__|Washables|Buy-now|Intimawear|UK_BODYFORM_TEENS_CAROUSEL_01.jpg_N/A_None_None_Social_Cost-per-Thousand_Cross-Device/-Screen|","Paid-Social",,"an unknown source","fb",,"True",,,,,,,,,,"ORDER","Online Store","2023-08-21 06:56:32","TEENS20","5258084024488",,"UK#18169","SYKES - Shipped","2023-08-22 07:57:07",,,,,"ORDER","16175737012392","SHIPPING","Online Store","Catterick","United Kingdom","England","DL10 7PT","Paid-Social","fb",,"2023-08-21 06:56:28",,,0,0,1,,,,,,,0,0,0,0,0,0,0,0,0,0,0,0,0,0
"Shopify","First-time","Period Pants","sag_organic","shopify:gid://shopify/Shop/44753682600","Shopify: Bodyform™ - 881e7e57-a5d9-40e4-a8e3-081b0b0311a3","Sales Transaction","881e7e57-a5d9-40e4-a8e3-081b0b0311a3","Bodyform™","sag_organic","Unknown","Paid","Other","GBP","-NcNKWSmX0z9Fm9v6Yyk","cg_poc_01","2023-08-21","Glasgow","United Kingdom","Scotland","G61 1HT","2023-08-20 22:52:31","6789654937768","1","","sag_organic","sag_organic","product_sync","https://www.google.com/","Google","google",,"True","sag_organic","sag_organic","product_sync",,"an unknown source","google",,"12585669787816","Teen Hipster Print (3 Pack) Moderate - Multi / 2XS","ORDER","Online Store","2023-08-21 08:02:06","TEENS20","5258111615144",,"UK#18170","SYKES - Shipped","2023-08-22 07:57:11","7832583930024","abs:moderate, hipster, rib:new, Teen","Teen Hipster Print (3 Pack) Moderate","Bodyform™","ORDER","16175815590056","PRODUCT","Online Store","Glasgow","United Kingdom","Scotland","G61 1HT","product_sync","google","7338000","2023-08-21 08:02:05","43705355272360","Multi / 2XS",1,36,1,,,,,,,0,0,7.49,37.49,44.99,30,0,1,0,6,36,7.49,8.99,6
"Shopify","First-time",,"sag_organic","shopify:gid://shopify/Shop/44753682600","Shopify: Bodyform™ - 881e7e57-a5d9-40e4-a8e3-081b0b0311a3","Sales Transaction","881e7e57-a5d9-40e4-a8e3-081b0b0311a3","Bodyform™","sag_organic","Unknown","Paid","Other","GBP","-NcNKWSmX0z9Fm9v6Yyk","cg_poc_01","2023-08-21","Glasgow","United Kingdom","Scotland","G61 1HT","2023-08-20 22:52:31","6789654937768","1","","sag_organic","sag_organic","product_sync","https://www.google.com/","Google","google",,"True","sag_organic","sag_organic","product_sync",,"an unknown source","google",,,,"ORDER","Online Store","2023-08-21 08:02:06","TEENS20","5258111615144",,"UK#18170","SYKES - Shipped","2023-08-22 07:57:11",,,,,"ORDER","16175815622824","SHIPPING","Online Store","Glasgow","United Kingdom","Scotland","G61 1HT","product_sync","google",,"2023-08-21 08:02:05",,,0,0,1,,,,,,,0,0,0,0,0,0,0,0,0,0,0,0,0,0
"Shopify","First-time","Period Pants",,"shopify:gid://shopify/Shop/44753682600","Shopify: Bodyform™ - 881e7e57-a5d9-40e4-a8e3-081b0b0311a3","Sales Transaction","881e7e57-a5d9-40e4-a8e3-081b0b0311a3","Bodyform™","","Unknown","Paid","Other","GBP","-NcNKWSmX0z9Fm9v6Yyk","cg_poc_01","2023-08-21","Lordshill","United Kingdom","England","SO16 8GP","2023-08-21 21:37:38","6790593806504","1","",,,,,,,,"True",,,,,,,,"12586951082152","Teen Brief Logo Waistband Heavy - Black and white / XS","ORDER","Online Store","2023-08-21 21:41:39","TEENS20","5258821009576",,"UK#18181","PayPal, SYKES - Shipped","2023-08-22 08:07:42","7832582062248","abs:heavy, brief, rib:new, Teen","Teen Brief Logo Waistband Heavy","Bodyform™","ORDER","16177757520040","PRODUCT","Online Store","Lordshill","United Kingdom","England","SO16 8GP",,,"7331500","2023-08-21 21:41:38","43725779271848","Black and white / XS",1,14.4,1,,,,,,,0,0,2.99,14.99,17.99,12,0,1,0,2.4,14.4,2.99,3.59,2.4
"Shopify","First-time",,,"shopify:gid://shopify/Shop/44753682600","Shopify: Bodyform™ - 881e7e57-a5d9-40e4-a8e3-081b0b0311a3","Sales Transaction","881e7e57-a5d9-40e4-a8e3-081b0b0311a3","Bodyform™","","Unknown","Paid","Other","GBP","-NcNKWSmX0z9Fm9v6Yyk","cg_poc_01","2023-08-21","Lordshill","United Kingdom","England","SO16 8GP","2023-08-21 21:37:38","6790593806504","1","",,,,,,,,"True",,,,,,,,,,"ORDER","Online Store","2023-08-21 21:41:39","TEENS20","5258821009576",,"UK#18181","PayPal, SYKES - Shipped","2023-08-22 08:07:42",,,,,"ORDER","16177757552808","SHIPPING","Online Store","Lordshill","United Kingdom","England","SO16 8GP",,,,"2023-08-21 21:41:38",,,0,0,1,,,,,,,0,0,0,0,0,0,0,0,0,0,0,0,0,0
"Shopify","Returning","Period Pants","FACEBOOK ONLINE TOOL GBP (FB IRE)_GB_Bodyform_Social_FC-All_FC-Underwear_Initial-Purchase_Femcare D2C TEENS_08August-8September_2023-08_2023-09_Zenith Hub_GLB0004HJV","shopify:gid://shopify/Shop/44753682600","Shopify: Bodyform™ - 881e7e57-a5d9-40e4-a8e3-081b0b0311a3","Sales Transaction","881e7e57-a5d9-40e4-a8e3-081b0b0311a3","Bodyform™","FACEBOOK ONLINE TOOL GBP (FB IRE)_GB_Bodyform_Social_FC-All_FC-Underwear_Initial-Purchase_Femcare...","Unknown","Paid","Other","GBP","-NcNKWSmX0z9Fm9v6Yyk","cg_poc_01","2023-08-21","Newquay","United Kingdom","England","TR7 2AB","2023-01-24 14:34:37","6519249535144","5","4+ Purchases","FACEBOOK ONLINE TOOL GBP (FB IRE)_GB_Bodyform_Social_FC-All_FC-Underwear_Initial-Purchase_Femcare D2C TEENS_08August-8September_2023-08_2023-09_Zenith Hub_GLB0004HJV","Social-Image__|Washables|Buy-now|Intimawear|UK_BODYFORM_TEENS_STATIC_01.jpg_N/A_None_None_Social_Cost-per-Thousand_Cross-Device/-Screen|","Paid-Social","https://l.facebook.com/","Facebook","fb",,"True",,,,,,,,"12586478436520","Teen Hipster Waistband Heavy - Black / S","ORDER","Online Store","2023-08-21 17:57:30","TEENS20","5258568499368",,"UK#18175","SYKES - Shipped","2023-08-22 08:07:18","7832041357480","abs:heavy, hipster, rib:new, Teen","Teen Hipster Waistband Heavy","Bodyform™","ORDER","16177055695016","PRODUCT","Online Store","Newquay","United Kingdom","England","TR7 2AB","Paid-Social","fb","7329200","2023-08-21 17:57:29","43700291600552","Black / S",1,14.4,1,,,,,,,0,0,2.99,14.99,17.99,12,0,1,0,2.4,14.4,2.99,3.59,2.4
"Shopify","Returning",,"FACEBOOK ONLINE TOOL GBP (FB IRE)_GB_Bodyform_Social_FC-All_FC-Underwear_Initial-Purchase_Femcare D2C TEENS_08August-8September_2023-08_2023-09_Zenith Hub_GLB0004HJV","shopify:gid://shopify/Shop/44753682600","Shopify: Bodyform™ - 881e7e57-a5d9-40e4-a8e3-081b0b0311a3","Sales Transaction","881e7e57-a5d9-40e4-a8e3-081b0b0311a3","Bodyform™","FACEBOOK ONLINE TOOL GBP (FB IRE)_GB_Bodyform_Social_FC-All_FC-Underwear_Initial-Purchase_Femcare...","Unknown","Paid","Other","GBP","-NcNKWSmX0z9Fm9v6Yyk","cg_poc_01","2023-08-21","Newquay","United Kingdom","England","TR7 2AB","2023-01-24 14:34:37","6519249535144","5","4+ Purchases","FACEBOOK ONLINE TOOL GBP (FB IRE)_GB_Bodyform_Social_FC-All_FC-Underwear_Initial-Purchase_Femcare D2C TEENS_08August-8September_2023-08_2023-09_Zenith Hub_GLB0004HJV","Social-Image__|Washables|Buy-now|Intimawear|UK_BODYFORM_TEENS_STATIC_01.jpg_N/A_None_None_Social_Cost-per-Thousand_Cross-Device/-Screen|","Paid-Social","https://l.facebook.com/","Facebook","fb",,"True",,,,,,,,,,"ORDER","Online Store","2023-08-21 17:57:30","TEENS20","5258568499368",,"UK#18175","SYKES - Shipped","2023-08-22 08:07:18",,,,,"ORDER","16177055727784","SHIPPING","Online Store","Newquay","United Kingdom","England","TR7 2AB","Paid-Social","fb",,"2023-08-21 17:57:29",,,0,0,1,,,,,,,0,0,0,0,0,0,0,0,0,0,0,0,0,0
"Shopify","First-time","Period Pants","FACEBOOK ONLINE TOOL GBP (FB IRE)_GB_Bodyform_Social_FC-All_FC-Underwear_Initial-Purchase_Femcare D2C TEENS_08August-8September_2023-08_2023-09_Zenith Hub_GLB0004HJV","shopify:gid://shopify/Shop/44753682600","Shopify: Bodyform™ - 881e7e57-a5d9-40e4-a8e3-081b0b0311a3","Sales Transaction","881e7e57-a5d9-40e4-a8e3-081b0b0311a3","Bodyform™","FACEBOOK ONLINE TOOL GBP (FB IRE)_GB_Bodyform_Social_FC-All_FC-Underwear_Initial-Purchase_Femcare...","Unknown","Paid","Other","GBP","-NcNKWSmX0z9Fm9v6Yyk","cg_poc_01","2023-08-21","Shaftesbury","United Kingdom","England","SP7 0BB","2023-08-21 21:55:02","6790609109160","1","",,,,"http://m.facebook.com/","Facebook",,,"True","FACEBOOK ONLINE TOOL GBP (FB IRE)_GB_Bodyform_Social_FC-All_FC-Underwear_Initial-Purchase_Femcare D2C TEENS_08August-8September_2023-08_2023-09_Zenith Hub_GLB0004HJV","Social-Image__|Washables|Buy-now|Intimawear|UK_BODYFORM_TEENS_STATIC_01.jpg_N/A_None_None_Social_Cost-per-Thousand_Cross-Device/-Screen|","Paid-Social","http://m.facebook.com/","Facebook","fb",,"12586986668200","Teen Hipster Print (3 Pack) Moderate - Multi / S","ORDER","Online Store","2023-08-21 21:57:05","TEENS20","5258836836520",,"UK#18183","PayPal, SYKES - Shipped","2023-08-22 08:07:50","7832583930024","abs:moderate, hipster, rib:new, Teen","Teen Hipster Print (3 Pack) Moderate","Bodyform™","ORDER","16177807360168","PRODUCT","Online Store","Shaftesbury","United Kingdom","England","SP7 0BB","Paid-Social","fb","7338200","2023-08-21 21:57:03","43705355337896","Multi / S",1,36,1,,,,,,,0,0,7.49,37.49,44.99,30,0,1,0,6,36,7.49,8.99,6
"Shopify","First-time",,"FACEBOOK ONLINE TOOL GBP (FB IRE)_GB_Bodyform_Social_FC-All_FC-Underwear_Initial-Purchase_Femcare D2C TEENS_08August-8September_2023-08_2023-09_Zenith Hub_GLB0004HJV","shopify:gid://shopify/Shop/44753682600","Shopify: Bodyform™ - 881e7e57-a5d9-40e4-a8e3-081b0b0311a3","Sales Transaction","881e7e57-a5d9-40e4-a8e3-081b0b0311a3","Bodyform™","FACEBOOK ONLINE TOOL GBP (FB IRE)_GB_Bodyform_Social_FC-All_FC-Underwear_Initial-Purchase_Femcare...","Unknown","Paid","Other","GBP","-NcNKWSmX0z9Fm9v6Yyk","cg_poc_01","2023-08-21","Shaftesbury","United Kingdom","England","SP7 0BB","2023-08-21 21:55:02","6790609109160","1","",,,,"http://m.facebook.com/","Facebook",,,"True","FACEBOOK ONLINE TOOL GBP (FB IRE)_GB_Bodyform_Social_FC-All_FC-Underwear_Initial-Purchase_Femcare D2C TEENS_08August-8September_2023-08_2023-09_Zenith Hub_GLB0004HJV","Social-Image__|Washables|Buy-now|Intimawear|UK_BODYFORM_TEENS_STATIC_01.jpg_N/A_None_None_Social_Cost-per-Thousand_Cross-Device/-Screen|","Paid-Social","http://m.facebook.com/","Facebook","fb",,,,"ORDER","Online Store","2023-08-21 21:57:05","TEENS20","5258836836520",,"UK#18183","PayPal, SYKES - Shipped","2023-08-22 08:07:50",,,,,"ORDER","16177807392936","SHIPPING","Online Store","Shaftesbury","United Kingdom","England","SP7 0BB","Paid-Social","fb",,"2023-08-21 21:57:03",,,0,0,1,,,,,,,0,0,0,0,0,0,0,0,0,0,0,0,0,0
"Shopify","First-time","Period Pants",,"shopify:gid://shopify/Shop/44753682600","Shopify: Bodyform™ - 881e7e57-a5d9-40e4-a8e3-081b0b0311a3","Sales Transaction","881e7e57-a5d9-40e4-a8e3-081b0b0311a3","Bodyform™","","Unknown","Paid","Other","GBP","-NcNKWSmX0z9Fm9v6Yyk","cg_poc_01","2023-08-21","Stoke On Trent","United Kingdom","England","ST3 6PL","2023-08-21 17:14:20","6790352732328","1","",,,,,"direct",,,"True",,,,,,,,"12586395336872","Teen Brief Logo Waistband Moderate - Black and orange / 2XS","ORDER","Online Store","2023-08-21 17:18:10","TEENS20","5258525802664",,"UK#18174","SYKES - Shipped","2023-08-22 08:07:08","7832052793512","abs:moderate, brief, rib:new, Teen","Teen Brief Logo Waistband Moderate","Bodyform™","ORDER","16176932880552","PRODUCT","Online Store","Stoke On Trent","United Kingdom","England","ST3 6PL","Direct","direct","7333000","2023-08-21 17:18:09","43700669120680","Black and orange / 2XS",1,12.96,1,,,,,,,0,0,2.69,13.49,16.19,10.8,0,1,0,2.16,12.96,2.69,3.23,2.16
"Shopify","First-time",,,"shopify:gid://shopify/Shop/44753682600","Shopify: Bodyform™ - 881e7e57-a5d9-40e4-a8e3-081b0b0311a3","Sales Transaction","881e7e57-a5d9-40e4-a8e3-081b0b0311a3","Bodyform™","","Unknown","Paid","Other","GBP","-NcNKWSmX0z9Fm9v6Yyk","cg_poc_01","2023-08-21","Stoke On Trent","United Kingdom","England","ST3 6PL","2023-08-21 17:14:20","6790352732328","1","",,,,,"direct",,,"True",,,,,,,,,,"ORDER","Online Store","2023-08-21 17:18:10","TEENS20","5258525802664",,"UK#18174","SYKES - Shipped","2023-08-22 08:07:08",,,,,"ORDER","16176932913320","SHIPPING","Online Store","Stoke On Trent","United Kingdom","England","ST3 6PL","Direct","direct",,"2023-08-21 17:18:09",,,0,0,1,,,,,,,0,0,0,0,0,0,0,0,0,0,0,0,0,0
"Shopify","First-time","Period Pants","FACEBOOK ONLINE TOOL GBP (FB IRE)_GB_Bodyform_Social_FC-All_FC-Underwear_Initial-Purchase_Femcare D2C TEENS_08August-8September_2023-08_2023-09_Zenith Hub_GLB0004HJV","shopify:gid://shopify/Shop/44753682600","Shopify: Bodyform™ - 881e7e57-a5d9-40e4-a8e3-081b0b0311a3","Sales Transaction","881e7e57-a5d9-40e4-a8e3-081b0b0311a3","Bodyform™","FACEBOOK ONLINE TOOL GBP (FB IRE)_GB_Bodyform_Social_FC-All_FC-Underwear_Initial-Purchase_Femcare...","Unknown","Paid","Other","GBP","-NcNKWSmX0z9Fm9v6Yyk","cg_poc_01","2023-08-21","Dungannon","United Kingdom","Northern Ireland","BT70 2TA","2023-08-15 09:47:30","6783988465832","1","","FACEBOOK ONLINE TOOL GBP (FB IRE)_GB_Bodyform_Social_FC-All_FC-Underwear_Initial-Purchase_Femcare D2C TEENS_08August-8September_2023-08_2023-09_Zenith Hub_GLB0004HJV","Social-Image__|Washables|Buy-now|Intimawear|UK_BODYFORM_TEENS_STATIC_01.jpg_N/A_None_None_Social_Cost-per-Thousand_Cross-Device/-Screen|","Paid-Social","https://l.facebook.com/","Facebook","fb",,"True","FACEBOOK ONLINE TOOL GBP (FB IRE)_GB_Bodyform_Social_FC-All_FC-Underwear_Initial-Purchase_Femcare D2C TEENS_08August-8September_2023-08_2023-09_Zenith Hub_GLB0004HJV","Social-Video__|Washables|Buy-now|Intimawear|UK_BODYFORM_TEENS_VIDEO_04.mp4_N/A_None_None_Social_Cost-per-Thousand_Cross-Device/-Screen|","Paid-Social","https://l.facebook.com/","Facebook","fb",,"12586066772136","Teen Hipster Waistband Moderate - Black / S","ORDER","Online Store","2023-08-21 14:29:30","WELCOME10","5258357735592",,"UK#18173","SYKES - Shipped","2023-08-22 07:57:23","7832041095336","abs:moderate, hipster, rib:new, Teen","Teen Hipster Waistband Moderate","Bodyform™","ORDER","16176440934568","PRODUCT","Online Store","Dungannon","United Kingdom","Northern Ireland","BT70 2TA","Paid-Social","fb","7332400","2023-08-21 14:29:23","43700288061608","Black / S",1,14.58,1,,,,,,,0,0,1.34,13.49,16.19,12.15,0,1,0,2.43,14.58,1.34,1.61,2.43
"Shopify","First-time",,"FACEBOOK ONLINE TOOL GBP (FB IRE)_GB_Bodyform_Social_FC-All_FC-Underwear_Initial-Purchase_Femcare D2C TEENS_08August-8September_2023-08_2023-09_Zenith Hub_GLB0004HJV","shopify:gid://shopify/Shop/44753682600","Shopify: Bodyform™ - 881e7e57-a5d9-40e4-a8e3-081b0b0311a3","Sales Transaction","881e7e57-a5d9-40e4-a8e3-081b0b0311a3","Bodyform™","FACEBOOK ONLINE TOOL GBP (FB IRE)_GB_Bodyform_Social_FC-All_FC-Underwear_Initial-Purchase_Femcare...","Unknown","Paid","Other","GBP","-NcNKWSmX0z9Fm9v6Yyk","cg_poc_01","2023-08-21","Dungannon","United Kingdom","Northern Ireland","BT70 2TA","2023-08-15 09:47:30","6783988465832","1","","FACEBOOK ONLINE TOOL GBP (FB IRE)_GB_Bodyform_Social_FC-All_FC-Underwear_Initial-Purchase_Femcare D2C TEENS_08August-8September_2023-08_2023-09_Zenith Hub_GLB0004HJV","Social-Image__|Washables|Buy-now|Intimawear|UK_BODYFORM_TEENS_STATIC_01.jpg_N/A_None_None_Social_Cost-per-Thousand_Cross-Device/-Screen|","Paid-Social","https://l.facebook.com/","Facebook","fb",,"True","FACEBOOK ONLINE TOOL GBP (FB IRE)_GB_Bodyform_Social_FC-All_FC-Underwear_Initial-Purchase_Femcare D2C TEENS_08August-8September_2023-08_2023-09_Zenith Hub_GLB0004HJV","Social-Video__|Washables|Buy-now|Intimawear|UK_BODYFORM_TEENS_VIDEO_04.mp4_N/A_None_None_Social_Cost-per-Thousand_Cross-Device/-Screen|","Paid-Social","https://l.facebook.com/","Facebook","fb",,,,"ORDER","Online Store","2023-08-21 14:29:30","WELCOME10","5258357735592",,"UK#18173","SYKES - Shipped","2023-08-22 07:57:23",,,,,"ORDER","16176440967336","SHIPPING","Online Store","Dungannon","United Kingdom","Northern Ireland","BT70 2TA","Paid-Social","fb",,"2023-08-21 14:29:23",,,0,0,1,,,,,,,0,0,0,0,0,0,0,0,0,0,0,0,0,0
"Shopify","First-time","Period Pants",,"shopify:gid://shopify/Shop/44753682600","Shopify: Bodyform™ - 881e7e57-a5d9-40e4-a8e3-081b0b0311a3","Sales Transaction","881e7e57-a5d9-40e4-a8e3-081b0b0311a3","Bodyform™","","Unknown","Paid","Other","GBP","-NcNKWSmX0z9Fm9v6Yyk","cg_poc_01","2023-08-21","Newport","United Kingdom","Wales","NP19 9PW","2023-07-08 09:37:43","6738894127272","1","",,,,"https://shop.bodyform.co.uk/collections/summer-sale","direct",,,"True",,,,"https://www.wethrift.com/","https://www.wethrift.com/",,,"12489570287784","Hipster Side Lace Heavy - Deep Ocean / L","REFUND","Online Store","2023-07-08 09:40:10","WILLOW20","5206378152104",,"UK#16806","Express Shipping, For review, PayPal, SYKES - Shipped","2023-08-21 09:48:36","7375890874536","abs:heavy, hipster, periodpant","Hipster Side Lace Heavy","intimawear by Bodyform™","RETURN","16175991881896","PRODUCT","Online Store","Newport","United Kingdom","Wales","NP19 9PW",,"https://www.wethrift.com/","7969800","2023-08-21 09:48:36","42716062023848","Deep Ocean / L",0,-12.95,1,,,,,,,0,0,0,0,16.19,-10.8,10.8,-1,0,-2.15,-12.95,-2.7,-3.24,-2.15
"Shopify","First-time","Period Pants",,"shopify:gid://shopify/Shop/44753682600","Shopify: Bodyform™ - 881e7e57-a5d9-40e4-a8e3-081b0b0311a3","Sales Transaction","881e7e57-a5d9-40e4-a8e3-081b0b0311a3","Bodyform™","","Unknown","Paid","Other","GBP","-NcNKWSmX0z9Fm9v6Yyk","cg_poc_01","2023-08-22","ATTLEBOROUGH","United Kingdom","England","NR17 1XS","2023-08-22 11:54:52","6791171965096","1","",,,,,,,,"True",,,,,,,,"12588204163240","Cotton Hipster Period Pants (3 Pack) Moderate - Black / M","ORDER","Online Store","2023-08-22 11:54:57",,"5259520671912",,"UK#18185","SYKES - Booked","2023-08-22 12:07:22","7706438041768","abs:moderate, Cotton, hipster, Multipack, new, rib:3 Pack","Cotton Hipster Period Pants (3 Pack) Moderate","intimawear by Bodyform™","ORDER","16179696763048","PRODUCT","Online Store","Norwich","United Kingdom","England","NR16 2SL",,,"7823900","2023-08-22 11:54:56","43071682183336","Black / M",1,41.99,1,,,,,,,0,0,0,34.99,41.99,34.99,0,1,0,7,41.99,0,0,7
"Shopify","First-time",,,"shopify:gid://shopify/Shop/44753682600","Shopify: Bodyform™ - 881e7e57-a5d9-40e4-a8e3-081b0b0311a3","Sales Transaction","881e7e57-a5d9-40e4-a8e3-081b0b0311a3","Bodyform™","","Unknown","Paid","Other","GBP","-NcNKWSmX0z9Fm9v6Yyk","cg_poc_01","2023-08-22","ATTLEBOROUGH","United Kingdom","England","NR17 1XS","2023-08-22 11:54:52","6791171965096","1","",,,,,,,,"True",,,,,,,,,,"ORDER","Online Store","2023-08-22 11:54:57",,"5259520671912",,"UK#18185","SYKES - Booked","2023-08-22 12:07:22",,,,,"ORDER","16179696795816","SHIPPING","Online Store","Norwich","United Kingdom","England","NR16 2SL",,,,"2023-08-22 11:54:56",,,0,0,1,,,,,,,0,0,0,0,0,0,0,0,0,0,0,0,0,0
"Shopify","First-time","Period Pants","Google Shopping","shopify:gid://shopify/Shop/44753682600","Shopify: Bodyform™ - 881e7e57-a5d9-40e4-a8e3-081b0b0311a3","Sales Transaction","881e7e57-a5d9-40e4-a8e3-081b0b0311a3","Bodyform™","Google Shopping","Unknown","Paid","Other","GBP","-NcNKWSmX0z9Fm9v6Yyk","cg_poc_01","2023-08-22","Welwyn Garden City","United Kingdom","England","AL7 3LZ","2023-08-22 11:12:50","6791149355176","1","","Google Shopping",,"cpc","https://www.google.com/","Google","google",,"True",,,,,,,,"12588160057512","High Waist Heavy - Vintage Pink / 3XL","ORDER","Online Store","2023-08-22 11:13:37",,"5259497373864",,"UK#18184","SYKES - Booked","2023-08-22 11:27:18","7382906175656","abs:heavy, highwaist, periodpant","High Waist Heavy","intimawear by Bodyform™","ORDER","16179630801064","PRODUCT","Online Store","Welwyn Garden City","United Kingdom","England","AL7 3LZ","cpc","google","7829500","2023-08-22 11:13:36","43500985745576","Vintage Pink / 3XL",1,86.97,1,,,,,,,0,0,0,72.47,28.99,72.47,0,3,0,14.5,86.97,0,0,14.5
"Shopify","First-time",,"Google Shopping","shopify:gid://shopify/Shop/44753682600","Shopify: Bodyform™ - 881e7e57-a5d9-40e4-a8e3-081b0b0311a3","Sales Transaction","881e7e57-a5d9-40e4-a8e3-081b0b0311a3","Bodyform™","Google Shopping","Unknown","Paid","Other","GBP","-NcNKWSmX0z9Fm9v6Yyk","cg_poc_01","2023-08-22","Welwyn Garden City","United Kingdom","England","AL7 3LZ","2023-08-22 11:12:50","6791149355176","1","","Google Shopping",,"cpc","https://www.google.com/","Google","google",,"True",,,,,,,,,,"ORDER","Online Store","2023-08-22 11:13:37",,"5259497373864",,"UK#18184","SYKES - Booked","2023-08-22 11:27:18",,,,,"ORDER","16179630833832","SHIPPING","Online Store","Welwyn Garden City","United Kingdom","England","AL7 3LZ","cpc","google",,"2023-08-22 11:13:36",,,0,0,1,,,,,,,0,0,0,0,0,0,0,0,0,0,0,0,0,0
"Shopify","First-time",,,"shopify:gid://shopify/Shop/44753682600","Shopify: Bodyform™ - 881e7e57-a5d9-40e4-a8e3-081b0b0311a3","Sales Transaction","881e7e57-a5d9-40e4-a8e3-081b0b0311a3","Bodyform™","","Unknown","Paid","Other","GBP","-NcNKWSmX0z9Fm9v6Yyk","cg_poc_01","2023-08-22","London","United Kingdom","England","SW8 2EU","2023-07-25 23:52:12","6757251449000","1","",,,"paid","http://m.facebook.com/","Facebook","facebook",,"True",,,,,,,,,,"REFUND","Online Store","2023-07-25 23:55:03","WELCOME10","5226375905448",,"UK#17530","SYKES - Shipped","2023-08-22 12:09:31",,,,,"RETURN","16179720814760","ADJUSTMENT","Online Store","London","United Kingdom","England","SW8 2EU","paid","facebook",,"2023-08-22 12:09:20",,,0,42.73,1,,,,,,,0,0,0,0,0,42.73,-42.73,0,0,0,42.73,0,0,0
"Shopify","First-time","Period Pants",,"shopify:gid://shopify/Shop/44753682600","Shopify: Bodyform™ - 881e7e57-a5d9-40e4-a8e3-081b0b0311a3","Sales Transaction","881e7e57-a5d9-40e4-a8e3-081b0b0311a3","Bodyform™","","Unknown","Paid","Other","GBP","-NcNKWSmX0z9Fm9v6Yyk","cg_poc_01","2023-08-22","London","United Kingdom","England","SW8 2EU","2023-07-25 23:52:12","6757251449000","1","",,,"paid","http://m.facebook.com/","Facebook","facebook",,"True",,,,,,,,"12527240872104","Bikini Basic Moderate - Deep Ocean / L","REFUND","Online Store","2023-07-25 23:55:03","WELCOME10","5226375905448",,"UK#17530","SYKES - Shipped","2023-08-22 12:09:31","5592255168680","abs:moderate, bikini, online, periodpant","Bikini Basic Moderate","intimawear by Bodyform™","RETURN","16179720847528","PRODUCT","Online Store","London","United Kingdom","England","SW8 2EU","paid","facebook","7788500","2023-08-22 12:09:20","42716057829544","Deep Ocean / L",0,-15.74,1,,,,,,,0,0,0,0,17.49,-13.12,13.12,-1,0,-2.62,-15.74,-1.45,-1.75,-2.62
"Shopify","First-time","Period Pants",,"shopify:gid://shopify/Shop/44753682600","Shopify: Bodyform™ - 881e7e57-a5d9-40e4-a8e3-081b0b0311a3","Sales Transaction","881e7e57-a5d9-40e4-a8e3-081b0b0311a3","Bodyform™","","Unknown","Paid","Other","GBP","-NcNKWSmX0z9Fm9v6Yyk","cg_poc_01","2023-08-22","London","United Kingdom","England","SW8 2EU","2023-07-25 23:52:12","6757251449000","1","",,,"paid","http://m.facebook.com/","Facebook","facebook",,"True",,,,,,,,"12527240904872","Bikini Basic Moderate - Black / L","REFUND","Online Store","2023-07-25 23:55:03","WELCOME10","5226375905448",,"UK#17530","SYKES - Shipped","2023-08-22 12:09:31","5592255168680","abs:moderate, bikini, online, periodpant","Bikini Basic Moderate","intimawear by Bodyform™","RETURN","16179720880296","PRODUCT","Online Store","London","United Kingdom","England","SW8 2EU","paid","facebook","7267300","2023-08-22 12:09:20","35643095253160","Black / L",0,-13.49,1,,,,,,,0,0,0,0,14.99,-11.24,11.24,-1,0,-2.25,-13.49,-1.24,-1.5,-2.25
"Shopify","First-time","Period Pants",,"shopify:gid://shopify/Shop/44753682600","Shopify: Bodyform™ - 881e7e57-a5d9-40e4-a8e3-081b0b0311a3","Sales Transaction","881e7e57-a5d9-40e4-a8e3-081b0b0311a3","Bodyform™","","Unknown","Paid","Other","GBP","-NcNKWSmX0z9Fm9v6Yyk","cg_poc_01","2023-08-22","London","United Kingdom","England","SW8 2EU","2023-07-25 23:52:12","6757251449000","1","",,,"paid","http://m.facebook.com/","Facebook","facebook",,"True",,,,,,,,"12527240937640","Bikini Basic Moderate - Burgundy / L","REFUND","Online Store","2023-07-25 23:55:03","WELCOME10","5226375905448",,"UK#17530","SYKES - Shipped","2023-08-22 12:09:31","5592255168680","abs:moderate, bikini, online, periodpant","Bikini Basic Moderate","intimawear by Bodyform™","RETURN","16179720913064","PRODUCT","Online Store","London","United Kingdom","England","SW8 2EU","paid","facebook","7267700","2023-08-22 12:09:20","35643095285928","Burgundy / L",0,-13.5,1,,,,,,,0,0,0,0,14.99,-11.25,11.25,-1,0,-2.25,-13.5,-1.24,-1.49,-2.25
"Shopify","First-time",,,"shopify:gid://shopify/Shop/44753682600","Shopify: Bodyform™ - 881e7e57-a5d9-40e4-a8e3-081b0b0311a3","Sales Transaction","881e7e57-a5d9-40e4-a8e3-081b0b0311a3","Bodyform™","","Unknown","Paid","Other","GBP","-NcNKWSmX0z9Fm9v6Yyk","cg_poc_01","2023-08-22","London","United Kingdom","England","SW8 2EU","2023-07-25 23:52:12","6757251449000","1","",,,"paid","http://m.facebook.com/","Facebook","facebook",,"True",,,,,,,,,,"REFUND","Online Store","2023-07-25 23:55:03","WELCOME10","5226375905448",,"UK#17530","SYKES - Shipped","2023-08-22 12:09:31",,,,,"RETURN","16179721142440","ADJUSTMENT","Online Store","London","United Kingdom","England","SW8 2EU","paid","facebook",,"2023-08-22 12:09:20",,,0,-42.73,1,,,,,,,0,0,0,0,0,-42.73,42.73,0,0,0,-42.73,0,0,0
